create database QuanLyBanVeMayBay
use QuanLyBanVeMayBay

create table SANBAY
(
	MASANBAY char(5) not null primary key,
	TENSANBAY varchar(40),
	QUOCGIA varchar(40),
)
create table MAYBAY
(
	MAMAYBAY char(5) not null primary key,
	TENMAYBAY varchar(40),
	LOAI varchar(40),
	SOGHE int,
)
create table CHUYENBAY
(
	MACHUYENBAY char(5) not null primary key,
	MAMAYBAY char(5),
	SANBAYDI char(5),
	SANBAYDEN char(5),
	SOLUONGGHE int,
	SOLUONGGHEHANG1 int,
	SOLUONGGHEHANG2 int,
	NGAYBAY smalldatetime,
)

create table KHACKHANG
(
	MAKHACHHANG char(5) not null primary key,
	TENKHACHHANG varchar(40),
	CMND varchar(20),
	QUOCTICH varchar(40),
	
)
create table HANG
(
	MAHANG char(5) not null primary key,
	TENHANG char(40),
)
create table VE
(
	MAVE char(5) not null primary key,
	MACHUYENBAY char(5),
	MAKHACHANG char(5),
	GIA varchar(20),
	MAHANG char(5),
)

alter table CHUYENBAY add constraint FK_MAMAYBAY foreign key (MAMAYBAY) references MAYBAY(MAMAYBAY)
alter table CHUYENBAY add constraint FK_SANBAYDI foreign key (SANBAYDI) references SANBAY(MASANBAY)
alter table CHUYENBAY add constraint FK_SANBAYDEN foreign key (SANBAYDEN) references SANBAY(MASANBAY)
alter table CHUYENBAY add constraint FK_MACHUYENBAY foreign key (MACHUYENBAY) references CHUYENBAY(MACHUYENBAY)



insert into SANBAY(MASANBAY,TENSANBAY,QUOCGIA) values 
('SB001','SAN BAY HN','VIETNAM')

insert into SANBAY(MASANBAY,TENSANBAY,QUOCGIA) values 
('SB002','SAN BAY SG','VIETNAM')

insert into SANBAY(MASANBAY,TENSANBAY,QUOCGIA) values 
('SB003','SAN BAY DN','VIETNAM')



insert into MAYBAY(MAMAYBAY,TENMAYBAY,LOAI,SOGHE) values 
('MB001','MAYBAY 123','Boing',200)
insert into MAYBAY(MAMAYBAY,TENMAYBAY,LOAI,SOGHE) values 
('MB002','MAYBAY 124','Boing',300)
insert into MAYBAY(MAMAYBAY,TENMAYBAY,LOAI,SOGHE) values 
('MB003','MAYBAY 125','Boing',100)
insert into MAYBAY(MAMAYBAY,TENMAYBAY,LOAI,SOGHE) values 
('MB004','MAYBAY 126','Boing',200)
insert into MAYBAY(MAMAYBAY,TENMAYBAY,LOAI,SOGHE) values 
('MB005','MAYBAY 127','Boing',300)



insert into CHUYENBAY(MACHUYENBAY,MAMAYBAY,SANBAYDI,SANBAYDEN,SOLUONGGHE,SOLUONGGHEHANG1,SOLUONGGHEHANG2,NGAYBAY) values 
('CB001','MB001','SB001','SB002',200,100,100,'2022-11-12 00:00:00')
insert into CHUYENBAY(MACHUYENBAY,MAMAYBAY,SANBAYDI,SANBAYDEN,SOLUONGGHE,SOLUONGGHEHANG1,SOLUONGGHEHANG2,NGAYBAY) values 
('CB002','MB002','SB002','SB003',200,100,100,'2022-11-12 00:00:00')
insert into CHUYENBAY(MACHUYENBAY,MAMAYBAY,SANBAYDI,SANBAYDEN,SOLUONGGHE,SOLUONGGHEHANG1,SOLUONGGHEHANG2,NGAYBAY) values 
('CB003','MB003','SB003','SB002',200,100,100,'2022-11-12 00:00:00')
insert into CHUYENBAY(MACHUYENBAY,MAMAYBAY,SANBAYDI,SANBAYDEN,SOLUONGGHE,SOLUONGGHEHANG1,SOLUONGGHEHANG2,NGAYBAY) values 
('CB004','MB004','SB001','SB003',200,100,100,'2022-11-12 00:00:00')
insert into CHUYENBAY(MACHUYENBAY,MAMAYBAY,SANBAYDI,SANBAYDEN,SOLUONGGHE,SOLUONGGHEHANG1,SOLUONGGHEHANG2,NGAYBAY) values 
('CB005','MB005','SB002','SB001',200,100,100,'2022-11-12 00:00:00')
insert into CHUYENBAY(MACHUYENBAY,MAMAYBAY,SANBAYDI,SANBAYDEN,SOLUONGGHE,SOLUONGGHEHANG1,SOLUONGGHEHANG2,NGAYBAY) values 
('CB006','MB006','SB003','SB002',200,100,100,'2022-11-12 00:00:00')


